{
    "global": {
        "global_name": "pygame-gui.Mars_moons",
        "global_description": "pygame-gui.Mars_moons_desc",
        "start_sim_rate": 0.1,
        "min_sim_rate": 0.01,
        "max_sim_rate": 1,
        "start_scale": 330,
        "min_scale": 100,
        "max_scale": 4000
    },
    "online_entity_data": {
        "4": {
            "m": 6.4e23,
            "d": 4.53e-5,
            "c": [255, 69, 0]
        },
        "401": {
            "m": 1.072e16,
            "d": 1.5e-7,
            "c": [192,192,192]
        },
        "402": {
            "m": 2.244e15,
            "d": 8.28e-8,
            "c": [192,192,192]
        }
    },
    "offline_entity_data": {
        "Mars": {
            "pos": [0, 0],
            "m": 6.4e23,
            "s": 0,
            "rad": 0,
            "e": 0,
            "a": 0,
            "p": 0,
            "per": 0,
            "d": 4.53e-5,
            "c": [255, 69, 0]
        },
        "Phobos": {
            "pos": [5.262930610319944e-05, 2.233033387958833e-05],
            "m": 1.072e16,
            "s": 0.0012283192509602572,
            "rad": -2.7760040347106116,
            "e": 0.01546783825694742,
            "a": 6.268958856196582e-05,
            "p": 0.319140255658565,
            "per": 0,
            "d": 1.5e-7,
            "c": [192,192,192]
        },
        "Deimos": {
            "pos": [-3.257056490926351e-05, 0.0001511662197070423],
            "m": 2.244e15,
            "s": 0.0007225147323021039,
            "rad": -1.3663527988470232,
            "e": 0.0001887888416894071,
            "a": 0.0001568077537357335,
            "p": 1.262524313408867,
            "per": 0,
            "d": 8.28e-8,
            "c": [192,192,192]
        }
    }
}